Kreisfreie Städte und Landkreise nach Fläche, Bevölkerung und Bevölkerungsdichte am 31.12.2024 (Jahr);;;;;;;;;;;;;
Amtlicher Regionalschlüssel;Regionale Bezeichnung;Kreisfreie Städte und Landkreise;NUTS3; Fläche km² ¹?;Bevölkerung auf Grundlage des ZENSUS 2022 ²? insgesamt;Bevölkerung auf Grundlage des ZENSUS 2022 ²? männlich;Bevölkerung auf Grundlage des ZENSUS 2022 ²? weiblich;Bevölkerung auf Grundlage des ZENSUS 2022 ²? je km²;;;;;
01;Schleswig-Holstein;;;;;;;;;;;;
01001;Kreisfreie Stadt;Flensburg, Stadt;DEF01;    56,73;   96 326;   47 651;   48 675;   1 698;;;;;
01002;Kreisfreie Stadt;Kiel, Landeshauptstadt;DEF02;    118,65;   252 668;   123 532;   129 136;   2 130;;;;;
01003;Kreisfreie Stadt;Lübeck, Hansestadt;DEF03;    214,19;   216 889;   104 309;   112 580;   1 013;;;;;
01004;Kreisfreie Stadt;Neumünster, Stadt;DEF04;    71,66;   79 809;   39 742;   40 067;   1 114;;;;;
01051;Kreis;Dithmarschen;DEF05;   1 428,17;   133 460;   65 838;   67 622;    93;;;;;
01053;Kreis;Herzogtum Lauenburg;DEF06;   1 263,06;   206 235;   100 801;   105 434;    163;;;;;
01054;Kreis;Nordfriesland;DEF07;   2 083,56;   170 029;   82 956;   87 073;    82;;;;;
01055;Kreis;Ostholstein;DEF08;   1 393,02;   201 472;   96 823;   104 649;    145;;;;;
01056;Kreis;Pinneberg;DEF09;    664,25;   325 223;   159 658;   165 565;    490;;;;;
01057;Kreis;Plön;DEF0A;   1 083,56;   130 609;   62 878;   67 731;    121;;;;;
01058;Kreis;Rendsburg-Eckernförde;DEF0B;   2 189,79;   278 058;   136 574;   141 484;    127;;;;;
01059;Kreis;Schleswig-Flensburg;DEF0C;   2 071,28;   205 472;   101 224;   104 248;    99;;;;;
01060;Kreis;Segeberg;DEF0D;   1 344,47;   283 562;   139 729;   143 833;    211;;;;;
01061;Kreis;Steinburg;DEF0E;   1 055,70;   132 731;   65 769;   66 962;    126;;;;;
01062;Kreis;Stormarn;DEF0F;    766,22;   246 974;   120 418;   126 556;    322;;;;;
;;Insgesamt;;   15 804,31;  2 959 517;  1 447 902;  1 511 615;    187;;;;;
02;Hamburg;;;;;;;;;;;;
02000;Kreisfreie Stadt;Hamburg, Freie und Hansestadt;DE600;    755,09;  1 862 565;   911 888;   950 677;   2 467;;;;;
03;Niedersachsen;;;;;;;;;;;;
031;Statistische Region Braunschweig;;;;;;;;;;;;
03101;Kreisfreie Stadt;Braunschweig, Stadt;DE911;    192,70;   252 962;   125 170;   127 792;   1 313;;;;;
03102;Kreisfreie Stadt;Salzgitter, Stadt;DE912;    224,48;   104 970;   52 702;   52 268;    468;;;;;
03103;Kreisfreie Stadt;Wolfsburg, Stadt;DE913;    204,62;   129 560;   64 754;   64 806;    633;;;;;
03151;Landkreis;Gifhorn;DE914;   1 567,57;   175 943;   87 419;   88 524;    112;;;;;
03153;Landkreis;Goslar;DE916;    966,72;   126 775;   62 494;   64 281;    131;;;;;
03154;Landkreis;Helmstedt;DE917;    676,12;   90 227;   44 753;   45 474;    133;;;;;
03155;Landkreis;Northeim;DE918;   1 268,77;   125 623;   62 034;   63 589;    99;;;;;
03157;Landkreis;Peine;DE91A;    536,50;   137 045;   67 979;   69 066;    255;;;;;
03158;Landkreis;Wolfenbüttel;DE91B;    724,32;   118 290;   58 553;   59 737;    163;;;;;
03159;Landkreis;Göttingen;DE91C;   1 755,41;   328 028;   161 346;   166 682;    187;;;;;
032;Statistische Region Hannover;;;;;;;;;;;;
03241;Landkreis;Region Hannover;DE929;   2 297,13;  1 140 888;   559 435;   581 453;    497;;;;;
03251;Landkreis;Diepholz;DE922;   1 991,02;   221 202;   109 490;   111 712;    111;;;;;
03252;Landkreis;Hameln-Pyrmont;DE923;    797,53;   150 203;   73 079;   77 124;    188;;;;;
03254;Landkreis;Hildesheim;DE925;   1 208,33;   267 506;   130 749;   136 757;    221;;;;;
03255;Landkreis;Holzminden;DE926;    694,27;   65 581;   32 684;   32 897;    94;;;;;
03256;Landkreis;Nienburg (Weser);DE927;   1 400,81;   121 468;   60 082;   61 386;    87;;;;;
03257;Landkreis;Schaumburg;DE928;    675,67;   156 841;   76 747;   80 094;    232;;;;;
033;Statistische Region Lüneburg;;;;;;;;;;;;
03351;Landkreis;Celle;DE931;   1 550,83;   172 449;   84 218;   88 231;    111;;;;;
03352;Landkreis;Cuxhaven;DE932;   2 058,96;   198 842;   97 356;   101 486;    97;;;;;
03353;Landkreis;Harburg;DE933;   1 248,45;   265 864;   132 100;   133 764;    213;;;;;
03354;Landkreis;Lüchow-Dannenberg;DE934;   1 227,31;   46 502;   22 695;   23 807;    38;;;;;
03355;Landkreis;Lüneburg;DE935;   1 327,83;   179 448;   87 096;   92 352;    135;;;;;
03356;Landkreis;Osterholz;DE936;    652,67;   113 598;   55 447;   58 151;    174;;;;;
03357;Landkreis;Rotenburg (Wümme);DE937;   2 074,76;   165 904;   83 060;   82 844;    80;;;;;
03358;Landkreis;Heidekreis;DE938;   1 881,46;   141 321;   70 064;   71 257;    75;;;;;
03359;Landkreis;Stade;DE939;   1 267,38;   207 700;   103 090;   104 610;    164;;;;;
03360;Landkreis;Uelzen;DE93A;   1 462,60;   91 638;   44 907;   46 731;    63;;;;;
03361;Landkreis;Verden;DE93B;    789,33;   138 626;   68 108;   70 518;    176;;;;;
034;Statistische Region Weser-Ems;;;;;;;;;;;;
03401;Kreisfreie Stadt;Delmenhorst, Stadt;DE941;    62,45;   81 406;   40 106;   41 300;   1 304;;;;;
03402;Kreisfreie Stadt;Emden, Stadt;DE942;    112,34;   49 202;   24 352;   24 850;    438;;;;;
03403;Kreisfreie Stadt;Oldenburg (Oldenburg), Stadt;DE943;    103,09;   176 614;   85 370;   91 244;   1 713;;;;;
03404;Kreisfreie Stadt;Osnabrück, Stadt;DE944;    119,80;   166 057;   80 775;   85 282;   1 386;;;;;
03405;Kreisfreie Stadt;Wilhelmshaven, Stadt;DE945;    107,11;   75 745;   37 881;   37 864;    707;;;;;
03451;Landkreis;Ammerland;DE946;    730,65;   127 751;   62 524;   65 227;    175;;;;;
03452;Landkreis;Aurich;DE947;   1 287,35;   188 816;   92 834;   95 982;    147;;;;;
03453;Landkreis;Cloppenburg;DE948;   1 420,34;   177 025;   89 995;   87 030;    125;;;;;
03454;Landkreis;Emsland;DE949;   2 883,67;   334 539;   169 840;   164 699;    116;;;;;
03455;Landkreis;Friesland;DE94A;    609,52;   100 411;   48 803;   51 608;    165;;;;;
03456;Landkreis;Grafschaft Bentheim;DE94B;    981,79;   144 543;   72 256;   72 287;    147;;;;;
03457;Landkreis;Leer;DE94C;   1 085,72;   169 103;   83 339;   85 764;    156;;;;;
03458;Landkreis;Oldenburg;DE94D;   1 064,83;   132 008;   65 265;   66 743;    124;;;;;
03459;Landkreis;Osnabrück;DE94E;   2 121,80;   354 821;   175 240;   179 581;    167;;;;;
03460;Landkreis;Vechta;DE94F;    814,21;   146 539;   73 681;   72 858;    180;;;;;
03461;Landkreis;Wesermarsch;DE94G;    824,78;   88 936;   44 437;   44 499;    108;;;;;
03462;Landkreis;Wittmund;DE94H;    656,86;   55 969;   27 392;   28 577;    85;;;;;
;;Insgesamt;;   47 709,86;  8 004 489;  3 951 701;  4 052 788;    168;;;;;
04;Bremen;;;;;;;;;;;;
04011;Kreisfreie Stadt;Bremen, Stadt;DE501;    326,17;   586 271;   289 585;   296 686;   1 797;;;;;
04012;Kreisfreie Stadt;Bremerhaven, Stadt;DE502;    93,77;   118 610;   59 076;   59 534;   1 265;;;;;
;;Insgesamt;;    419,94;   704 881;   348 661;   356 220;   1 679;;;;;
05;Nordrhein-Westfalen;;;;;;;;;;;;
051;Reg.-Bez. Düsseldorf;;;;;;;;;;;;
05111;Kreisfreie Stadt;Düsseldorf, Stadt;DEA11;    217,41;   618 685;   299 070;   319 615;   2 846;;;;;
05112;Kreisfreie Stadt;Duisburg, Stadt;DEA12;    232,84;   502 270;   249 294;   252 976;   2 157;;;;;
05113;Kreisfreie Stadt;Essen, Stadt;DEA13;    210,34;   574 682;   279 666;   295 016;   2 732;;;;;
05114;Kreisfreie Stadt;Krefeld, Stadt;DEA14;    137,78;   231 406;   113 754;   117 652;   1 680;;;;;
05116;Kreisfreie Stadt;Mönchengladbach, Stadt;DEA15;    170,47;   267 213;   132 876;   134 337;   1 568;;;;;
05117;Kreisfreie Stadt;Mülheim an der Ruhr, Stadt;DEA16;    91,28;   173 050;   83 996;   89 054;   1 896;;;;;
05119;Kreisfreie Stadt;Oberhausen, Stadt;DEA17;    77,09;   213 646;   103 882;   109 764;   2 771;;;;;
05120;Kreisfreie Stadt;Remscheid, Stadt;DEA18;    74,52;   113 828;   56 768;   57 060;   1 527;;;;;
05122;Kreisfreie Stadt;Solingen, Klingenstadt;DEA19;    89,54;   165 626;   81 112;   84 514;   1 850;;;;;
05124;Kreisfreie Stadt;Wuppertal, Stadt;DEA1A;    168,39;   358 193;   176 780;   181 413;   2 127;;;;;
05154;Kreis;Kleve;DEA1B;   1 232,99;   322 018;   160 893;   161 125;    261;;;;;
05158;Kreis;Mettmann;DEA1C;    407,22;   490 910;   238 038;   252 872;   1 206;;;;;
05162;Kreis;Rhein-Kreis Neuss;DEA1D;    576,44;   457 077;   223 233;   233 844;    793;;;;;
05166;Kreis;Viersen;DEA1E;    563,28;   297 857;   145 900;   151 957;    529;;;;;
05170;Kreis;Wesel;DEA1F;   1 042,76;   457 918;   223 012;   234 906;    439;;;;;
053;Reg.-Bez. Köln;;;;;;;;;;;;
05314;Kreisfreie Stadt;Bonn, Stadt;DEA22;    141,06;   323 336;   155 766;   167 570;   2 292;;;;;
05315;Kreisfreie Stadt;Köln, Stadt;DEA23;    405,02;  1 024 621;   498 050;   526 571;   2 530;;;;;
05316;Kreisfreie Stadt;Leverkusen, Stadt;DEA24;    78,87;   168 581;   82 966;   85 615;   2 137;;;;;
05334;Kreis;Städteregion Aachen;DEA2D;    706,91;   582 410;   294 641;   287 769;    824;;;;;
05358;Kreis;Düren;DEA26;    941,49;   279 285;   139 089;   140 196;    297;;;;;
05362;Kreis;Rhein-Erft-Kreis;DEA27;    704,70;   477 988;   234 807;   243 181;    678;;;;;
05366;Kreis;Euskirchen;DEA28;   1 248,73;   202 609;   100 723;   101 886;    162;;;;;
05370;Kreis;Heinsberg;DEA29;    627,91;   263 681;   130 693;   132 988;    420;;;;;
05374;Kreis;Oberbergischer Kreis;DEA2A;    918,85;   274 057;   135 037;   139 020;    298;;;;;
05378;Kreis;Rheinisch-Bergischer Kreis;DEA2B;    437,32;   284 273;   138 211;   146 062;    650;;;;;
05382;Kreis;Rhein-Sieg-Kreis;DEA2C;   1 153,21;   605 441;   297 627;   307 814;    525;;;;;
055;Reg.-Bez. Münster;;;;;;;;;;;;
05512;Kreisfreie Stadt;Bottrop, Stadt;DEA31;    100,61;   118 535;   57 615;   60 920;   1 178;;;;;
05513;Kreisfreie Stadt;Gelsenkirchen, Stadt;DEA32;    104,94;   267 930;   132 550;   135 380;   2 553;;;;;
05515;Kreisfreie Stadt;Münster, Stadt;DEA33;    303,28;   308 258;   147 463;   160 795;   1 016;;;;;
05554;Kreis;Borken;DEA34;   1 420,99;   380 796;   190 679;   190 117;    268;;;;;
05558;Kreis;Coesfeld;DEA35;   1 112,04;   227 859;   112 586;   115 273;    205;;;;;
05562;Kreis;Recklinghausen;DEA36;    761,31;   621 305;   303 445;   317 860;    816;;;;;
05566;Kreis;Steinfurt;DEA37;   1 795,75;   451 712;   225 189;   226 523;    252;;;;;
05570;Kreis;Warendorf;DEA38;   1 319,42;   282 639;   139 942;   142 697;    214;;;;;
057;Reg.-Bez. Detmold;;;;;;;;;;;;
05711;Kreisfreie Stadt;Bielefeld, Stadt;DEA41;    258,83;   331 605;   161 011;   170 594;   1 281;;;;;
05754;Kreis;Gütersloh;DEA42;    969,21;   363 982;   181 577;   182 405;    376;;;;;
05758;Kreis;Herford;DEA43;    450,40;   254 404;   125 258;   129 146;    565;;;;;
05762;Kreis;Höxter;DEA44;   1 201,42;   139 252;   69 585;   69 667;    116;;;;;
05766;Kreis;Lippe;DEA45;   1 246,21;   347 149;   170 653;   176 496;    279;;;;;
05770;Kreis;Minden-Lübbecke;DEA46;   1 152,41;   320 557;   159 027;   161 530;    278;;;;;
05774;Kreis;Paderborn;DEA47;   1 246,80;   315 912;   158 202;   157 710;    253;;;;;
059;Reg.-Bez. Arnsberg;;;;;;;;;;;;
05911;Kreisfreie Stadt;Bochum, Stadt;DEA51;    145,66;   358 676;   176 530;   182 146;   2 462;;;;;
05913;Kreisfreie Stadt;Dortmund, Stadt;DEA52;    280,71;   603 462;   297 860;   305 602;   2 150;;;;;
05914;Kreisfreie Stadt;Hagen, Stadt der FernUniversität;DEA53;    160,45;   190 384;   93 728;   96 656;   1 187;;;;;
05915;Kreisfreie Stadt;Hamm, Stadt;DEA54;    226,43;   179 968;   89 142;   90 826;    795;;;;;
05916;Kreisfreie Stadt;Herne, Stadt;DEA55;    51,42;   155 851;   76 396;   79 455;   3 031;;;;;
05954;Kreis;Ennepe-Ruhr-Kreis;DEA56;    409,64;   314 167;   152 061;   162 106;    767;;;;;
05958;Kreis;Hochsauerlandkreis;DEA57;   1 960,17;   260 843;   130 226;   130 617;    133;;;;;
05962;Kreis;Märkischer Kreis;DEA58;   1 061,09;   408 046;   201 307;   206 739;    385;;;;;
05966;Kreis;Olpe;DEA59;    712,11;   132 346;   66 427;   65 919;    186;;;;;
05970;Kreis;Siegen-Wittgenstein;DEA5A;   1 132,89;   274 074;   136 549;   137 525;    242;;;;;
05974;Kreis;Soest;DEA5B;   1 328,64;   300 297;   149 302;   150 995;    226;;;;;
05978;Kreis;Unna;DEA5C;    543,21;   393 784;   192 270;   201 514;    725;;;;;
;;Insgesamt;;   34 112,46;  18 034 454;  8 872 464;  9 161 990;    529;;;;;
06;Hessen;;;;;;;;;;;;
064;Reg.-Bez. Darmstadt;;;;;;;;;;;;
06411;Kreisfreie Stadt;Darmstadt, Wissenschaftsstadt;DE711;    122,07;   167 029;   85 330;   81 699;   1 368;;;;;
06412;Kreisfreie Stadt;Frankfurt am Main, Stadt;DE712;    248,31;   756 021;   371 235;   384 786;   3 045;;;;;
06413;Kreisfreie Stadt;Offenbach am Main, Stadt;DE713;    44,88;   132 746;   66 705;   66 041;   2 958;;;;;
06414;Kreisfreie Stadt;Wiesbaden, Landeshauptstadt;DE714;    203,87;   288 850;   139 893;   148 957;   1 417;;;;;
06431;Landkreis;Bergstraße;DE715;    719,47;   274 169;   135 499;   138 670;    381;;;;;
06432;Landkreis;Darmstadt-Dieburg;DE716;    658,64;   302 021;   149 541;   152 480;    459;;;;;
06433;Landkreis;Groß-Gerau;DE717;    453,03;   268 310;   134 294;   134 016;    592;;;;;
06434;Landkreis;Hochtaunuskreis;DE718;    481,84;   241 664;   117 216;   124 448;    502;;;;;
06435;Landkreis;Main-Kinzig-Kreis;DE719;   1 397,32;   420 914;   208 023;   212 891;    301;;;;;
06436;Landkreis;Main-Taunus-Kreis;DE71A;    222,53;   238 775;   117 280;   121 495;   1 073;;;;;
06437;Landkreis;Odenwaldkreis;DE71B;    623,97;   93 846;   46 314;   47 532;    150;;;;;
06438;Landkreis;Offenbach;DE71C;    356,24;   358 022;   176 280;   181 742;   1 005;;;;;
06439;Landkreis;Rheingau-Taunus-Kreis;DE71D;    811,40;   185 651;   90 890;   94 761;    229;;;;;
06440;Landkreis;Wetteraukreis;DE71E;   1 100,66;   311 593;   153 938;   157 655;    283;;;;;
065;Reg.-Bez. Gießen;;;;;;;;;;;;
06531;Landkreis;Gießen;DE721;    854,56;   268 418;   132 027;   136 391;    314;;;;;
06532;Landkreis;Lahn-Dill-Kreis;DE722;   1 066,30;   254 074;   125 448;   128 626;    238;;;;;
06533;Landkreis;Limburg-Weilburg;DE723;    738,44;   173 830;   86 127;   87 703;    235;;;;;
06534;Landkreis;Marburg-Biedenkopf;DE724;   1 262,37;   242 805;   118 996;   123 809;    192;;;;;
06535;Landkreis;Vogelsbergkreis;DE725;   1 458,91;   101 163;   50 250;   50 913;    69;;;;;
066;Reg.-Bez. Kassel;;;;;;;;;;;;
06611;Kreisfreie Stadt;Kassel, documenta-Stadt;DE731;    106,79;   197 230;   95 933;   101 297;   1 847;;;;;
06631;Landkreis;Fulda;DE732;   1 380,41;   222 283;   110 607;   111 676;    161;;;;;
06632;Landkreis;Hersfeld-Rotenburg;DE733;   1 097,77;   117 414;   58 370;   59 044;    107;;;;;
06633;Landkreis;Kassel;DE734;   1 293,31;   231 073;   113 256;   117 817;    179;;;;;
06634;Landkreis;Schwalm-Eder-Kreis;DE735;   1 539,01;   180 071;   90 023;   90 048;    117;;;;;
06635;Landkreis;Waldeck-Frankenberg;DE736;   1 848,70;   155 126;   77 043;   78 083;    84;;;;;
06636;Landkreis;Werra-Meißner-Kreis;DE737;   1 024,83;   97 695;   48 384;   49 311;    95;;;;;
;;Insgesamt;;   21 115,63;  6 280 793;  3 098 902;  3 181 891;    297;;;;;
07;Rheinland-Pfalz;;;;;;;;;;;;
071;früher: Reg.-Bez. Koblenz;;;;;;;;;;;;
07111;Kreisfreie Stadt;Koblenz, kreisfreie Stadt;DEB11;    105,25;   113 378;   56 150;   57 228;   1 077;;;;;
07131;Landkreis;Ahrweiler;DEB12;    787,03;   129 353;   63 855;   65 498;    164;;;;;
07132;Landkreis;Altenkirchen (Westerwald);DEB13;    642,38;   132 125;   65 563;   66 562;    206;;;;;
07133;Landkreis;Bad Kreuznach;DEB14;    863,89;   164 748;   80 845;   83 903;    191;;;;;
07134;Landkreis;Birkenfeld;DEB15;    776,83;   82 611;   40 778;   41 833;    106;;;;;
07135;Landkreis;Cochem-Zell;DEB1C;    692,44;   61 608;   30 814;   30 794;    89;;;;;
07137;Landkreis;Mayen-Koblenz;DEB17;    817,72;   217 228;   107 404;   109 824;    266;;;;;
07138;Landkreis;Neuwied;DEB18;    627,06;   189 061;   93 494;   95 567;    302;;;;;
07140;Landkreis;Rhein-Hunsrück-Kreis;DEB1D;    991,06;   106 705;   53 083;   53 622;    108;;;;;
07141;Landkreis;Rhein-Lahn-Kreis;DEB1A;    782,24;   125 588;   62 292;   63 296;    161;;;;;
07143;Landkreis;Westerwaldkreis;DEB1B;    989,04;   207 803;   103 124;   104 679;    210;;;;;
072;früher: Reg.-Bez. Trier;;;;;;;;;;;;
07211;Kreisfreie Stadt;Trier, kreisfreie Stadt;DEB21;    117,06;   104 342;   51 163;   53 179;    891;;;;;
07231;Landkreis;Bernkastel-Wittlich;DEB22;   1 167,93;   113 187;   56 576;   56 611;    97;;;;;
07232;Landkreis;Eifelkreis Bitburg-Prüm;DEB23;   1 626,95;   99 788;   50 195;   49 593;    61;;;;;
07233;Landkreis;Vulkaneifel;DEB24;    911,64;   59 313;   29 723;   29 590;    65;;;;;
07235;Landkreis;Trier-Saarburg;DEB25;   1 102,24;   148 953;   73 947;   75 006;    135;;;;;
073;früher: Reg.-Bez. Rheinhessen-Pfalz;;;;;;;;;;;;
07311;Kreisfreie Stadt;Frankenthal (Pfalz), kreisfreie Stadt;DEB31;    43,88;   48 140;   23 910;   24 230;   1 097;;;;;
07312;Kreisfreie Stadt;Kaiserslautern, kreisfreie Stadt;DEB32;    139,70;   100 426;   50 655;   49 771;    719;;;;;
07313;Kreisfreie Stadt;Landau in der Pfalz, kreisfreie Stadt;DEB33;    82,94;   48 209;   23 254;   24 955;    581;;;;;
07314;Kreisfreie Stadt;Ludwigshafen am Rhein, kreisfreie Stadt;DEB34;    77,43;   177 222;   89 845;   87 377;   2 289;;;;;
07315;Kreisfreie Stadt;Mainz, kreisfreie Stadt;DEB35;    97,73;   224 684;   109 498;   115 186;   2 299;;;;;
07316;Kreisfreie Stadt;Neustadt an der Weinstraße, kreisfreie Stadt;DEB36;    117,09;   52 945;   25 734;   27 211;    452;;;;;
07317;Kreisfreie Stadt;Pirmasens, kreisfreie Stadt;DEB37;    61,35;   39 761;   19 654;   20 107;    648;;;;;
07318;Kreisfreie Stadt;Speyer, kreisfreie Stadt;DEB38;    42,71;   49 564;   24 099;   25 465;   1 160;;;;;
07319;Kreisfreie Stadt;Worms, kreisfreie Stadt;DEB39;    108,73;   86 753;   43 523;   43 230;    798;;;;;
07320;Kreisfreie Stadt;Zweibrücken, kreisfreie Stadt;DEB3A;    70,64;   33 323;   16 525;   16 798;    472;;;;;
07331;Landkreis;Alzey-Worms;DEB3B;    588,07;   131 238;   65 114;   66 124;    223;;;;;
07332;Landkreis;Bad Dürkheim;DEB3C;    594,64;   134 329;   65 964;   68 365;    226;;;;;
07333;Landkreis;Donnersbergkreis;DEB3D;    645,41;   74 783;   37 027;   37 756;    116;;;;;
07334;Landkreis;Germersheim;DEB3E;    463,32;   131 383;   65 476;   65 907;    284;;;;;
07335;Landkreis;Kaiserslautern;DEB3F;    640,00;   106 343;   52 260;   54 083;    166;;;;;
07336;Landkreis;Kusel;DEB3G;    573,61;   69 334;   34 569;   34 765;    121;;;;;
07337;Landkreis;Südliche Weinstraße;DEB3H;    639,93;   113 031;   55 609;   57 422;    177;;;;;
07338;Landkreis;Rhein-Pfalz-Kreis;DEB3I;    304,99;   155 882;   76 751;   79 131;    511;;;;;
07339;Landkreis;Mainz-Bingen;DEB3J;    605,33;   206 454;   101 668;   104 786;    341;;;;;
07340;Landkreis;Südwestpfalz;DEB3K;    953,52;   89 974;   44 254;   45 720;    94;;;;;
;;Insgesamt;;   19 851,78;  4 129 569;  2 044 395;  2 085 174;    208;;;;;
08;Baden-Württemberg;;;;;;;;;;;;
081;Reg.-Bez. Stuttgart;;;;;;;;;;;;
0811;Region Stuttgart;;;;;;;;;;;;
08111;Stadtkreis;Stuttgart, Stadtkreis;DE111;    207,33;   612 663;   304 725;   307 938;   2 955;;;;;
08115;Landkreis;Böblingen;DE112;    617,77;   395 167;   196 289;   198 878;    640;;;;;
08116;Landkreis;Esslingen;DE113;    641,28;   536 601;   267 483;   269 118;    837;;;;;
08117;Landkreis;Göppingen;DE114;    642,34;   258 809;   128 397;   130 412;    403;;;;;
08118;Landkreis;Ludwigsburg;DE115;    686,77;   535 374;   264 437;   270 937;    780;;;;;
08119;Landkreis;Rems-Murr-Kreis;DE116;    858,08;   440 696;   218 261;   222 435;    514;;;;;
0812;Region Heilbronn-Franken;;;;;;;;;;;;
08121;Stadtkreis;Heilbronn, Stadtkreis;DE117;    99,89;   131 986;   66 833;   65 153;   1 321;;;;;
08125;Landkreis;Heilbronn;DE118;   1 099,91;   353 877;   177 112;   176 765;    322;;;;;
08126;Landkreis;Hohenlohekreis;DE119;    776,75;   115 644;   58 330;   57 314;    149;;;;;
08127;Landkreis;Schwäbisch Hall;DE11A;   1 484,08;   200 902;   100 788;   100 114;    135;;;;;
08128;Landkreis;Main-Tauber-Kreis;DE11B;   1 304,12;   133 169;   66 541;   66 628;    102;;;;;
0813;Region Ostwürttemberg;;;;;;;;;;;;
08135;Landkreis;Heidenheim;DE11C;    627,13;   135 235;   67 420;   67 815;    216;;;;;
08136;Landkreis;Ostalbkreis;DE11D;   1 511,39;   317 427;   157 913;   159 514;    210;;;;;
082;Reg.-Bez. Karlsruhe;;;;;;;;;;;;
0821;Region Mittlerer Oberrhein;;;;;;;;;;;;
08211;Stadtkreis;Baden-Baden, Stadtkreis;DE121;    140,19;   56 881;   27 107;   29 774;    406;;;;;
08212;Stadtkreis;Karlsruhe, Stadtkreis;DE122;    173,42;   309 050;   156 995;   152 055;   1 782;;;;;
08215;Landkreis;Karlsruhe;DE123;   1 084,98;   456 264;   227 640;   228 624;    421;;;;;
08216;Landkreis;Rastatt;DE124;    738,43;   230 737;   114 780;   115 957;    312;;;;;
0822;Region Rhein-Neckar-Odenwald;;;;;;;;;;;;
08221;Stadtkreis;Heidelberg, Stadtkreis;DE125;    108,83;   155 756;   74 597;   81 159;   1 431;;;;;
08222;Stadtkreis;Mannheim, Stadtkreis;DE126;    144,97;   318 035;   159 246;   158 789;   2 194;;;;;
08225;Landkreis;Neckar-Odenwald-Kreis;DE127;   1 125,95;   145 263;   72 819;   72 444;    129;;;;;
08226;Landkreis;Rhein-Neckar-Kreis;DE128;   1 061,55;   558 561;   274 511;   284 050;    526;;;;;
0823;Region Nordschwarzwald;;;;;;;;;;;;
08231;Stadtkreis;Pforzheim, Stadtkreis;DE129;    97,99;   134 912;   66 418;   68 494;   1 377;;;;;
08235;Landkreis;Calw;DE12A;    797,29;   161 251;   80 392;   80 859;    202;;;;;
08236;Landkreis;Enzkreis;DE12B;    573,60;   199 745;   99 097;   100 648;    348;;;;;
08237;Landkreis;Freudenstadt;DE12C;    870,40;   121 958;   60 978;   60 980;    140;;;;;
083;Reg.-Bez. Freiburg;;;;;;;;;;;;
0831;Region Südlicher Oberrhein;;;;;;;;;;;;
08311;Stadtkreis;Freiburg im Breisgau, Stadtkreis;DE131;    153,04;   237 460;   113 047;   124 413;   1 552;;;;;
08315;Landkreis;Breisgau-Hochschwarzwald;DE132;   1 378,32;   272 558;   134 223;   138 335;    198;;;;;
08316;Landkreis;Emmendingen;DE133;    679,80;   169 787;   83 979;   85 808;    250;;;;;
08317;Landkreis;Ortenaukreis;DE134;   1 860,29;   444 858;   222 136;   222 722;    239;;;;;
0832;Region Schwarzwald-Baar-Heuberg;;;;;;;;;;;;
08325;Landkreis;Rottweil;DE135;    769,42;   140 237;   70 140;   70 097;    182;;;;;
08326;Landkreis;Schwarzwald-Baar-Kreis;DE136;   1 025,34;   214 065;   106 013;   108 052;    209;;;;;
08327;Landkreis;Tuttlingen;DE137;    734,38;   145 208;   72 862;   72 346;    198;;;;;
0833;Region Hochrhein-Bodensee;;;;;;;;;;;;
08335;Landkreis;Konstanz;DE138;    817,98;   291 841;   142 116;   149 725;    357;;;;;
08336;Landkreis;Lörrach;DE139;    806,66;   238 263;   117 059;   121 204;    295;;;;;
08337;Landkreis;Waldshut;DE13A;   1 131,15;   171 579;   84 728;   86 851;    152;;;;;
084;Reg.-Bez. Tübingen;;;;;;;;;;;;
0841;Region Neckar-Alb;;;;;;;;;;;;
08415;Landkreis;Reutlingen;DE141;   1 092,48;   293 483;   145 362;   148 121;    269;;;;;
08416;Landkreis;Tübingen;DE142;    519,12;   233 546;   113 123;   120 423;    450;;;;;
08417;Landkreis;Zollernalbkreis;DE143;    917,58;   193 326;   95 664;   97 662;    211;;;;;
0842;Region Donau-Iller;;;;;;;;;;;;
08421;Stadtkreis;Ulm, Stadtkreis;DE144;    118,68;   129 882;   64 087;   65 795;   1 094;;;;;
08425;Landkreis;Alb-Donau-Kreis;DE145;   1 358,54;   202 354;   101 708;   100 646;    149;;;;;
08426;Landkreis;Biberach;DE146;   1 409,52;   207 415;   104 534;   102 881;    147;;;;;
0843;Region Bodensee-Oberschwaben;;;;;;;;;;;;
08435;Landkreis;Bodenseekreis;DE147;    664,77;   220 804;   108 578;   112 226;    332;;;;;
08436;Landkreis;Ravensburg;DE148;   1 632,08;   291 102;   144 864;   146 238;    178;;;;;
08437;Landkreis;Sigmaringen;DE149;   1 204,24;   132 167;   66 166;   66 001;    110;;;;;
;;Insgesamt;;   35 747,83;  11 245 898;  5 579 498;  5 666 400;    315;;;;;
09;Bayern;;;;;;;;;;;;
091;Reg.-Bez. Oberbayern;;;;;;;;;;;;
09161;Kreisfreie Stadt;Ingolstadt;DE211;    133,35;   141 185;   71 791;   69 394;   1 059;;;;;
09162;Kreisfreie Stadt;München, Landeshauptstadt;DE212;    310,70;  1 505 005;   737 442;   767 563;   4 844;;;;;
09163;Kreisfreie Stadt;Rosenheim;DE213;    37,22;   65 274;   32 352;   32 922;   1 754;;;;;
09171;Landkreis;Altötting;DE214;    569,28;   113 938;   56 554;   57 384;    200;;;;;
09172;Landkreis;Berchtesgadener Land;DE215;    839,83;   105 292;   51 509;   53 783;    125;;;;;
09173;Landkreis;Bad Tölz-Wolfratshausen;DE216;   1 110,67;   130 248;   64 304;   65 944;    117;;;;;
09174;Landkreis;Dachau;DE217;    579,16;   153 595;   76 759;   76 836;    265;;;;;
09175;Landkreis;Ebersberg;DE218;    549,39;   144 225;   71 960;   72 265;    263;;;;;
09176;Landkreis;Eichstätt;DE219;   1 213,85;   135 668;   68 617;   67 051;    112;;;;;
09177;Landkreis;Erding;DE21A;    870,74;   140 127;   70 345;   69 782;    161;;;;;
09178;Landkreis;Freising;DE21B;    799,85;   184 564;   94 308;   90 256;    231;;;;;
09179;Landkreis;Fürstenfeldbruck;DE21C;    434,80;   218 227;   106 932;   111 295;    502;;;;;
09180;Landkreis;Garmisch-Partenkirchen;DE21D;   1 012,17;   89 296;   42 874;   46 422;    88;;;;;
09181;Landkreis;Landsberg am Lech;DE21E;    804,36;   122 107;   60 703;   61 404;    152;;;;;
09182;Landkreis;Miesbach;DE21F;    866,21;   97 152;   47 719;   49 433;    112;;;;;
09183;Landkreis;Mühldorf a.Inn;DE21G;    805,36;   122 037;   61 753;   60 284;    152;;;;;
09184;Landkreis;München;DE21H;    664,25;   354 396;   175 337;   179 059;    534;;;;;
09185;Landkreis;Neuburg-Schrobenhausen;DE21I;    739,71;   99 364;   49 866;   49 498;    134;;;;;
09186;Landkreis;Pfaffenhofen a.d.Ilm;DE21J;    761,05;   130 781;   66 344;   64 437;    172;;;;;
09187;Landkreis;Rosenheim;DE21K;   1 439,41;   258 637;   127 252;   131 385;    180;;;;;
09188;Landkreis;Starnberg;DE21L;    487,71;   139 329;   67 398;   71 931;    286;;;;;
09189;Landkreis;Traunstein;DE21M;   1 533,76;   175 144;   86 118;   89 026;    114;;;;;
09190;Landkreis;Weilheim-Schongau;DE21N;    966,28;   138 957;   68 635;   70 322;    144;;;;;
092;Reg.-Bez. Niederbayern;;;;;;;;;;;;
09261;Kreisfreie Stadt;Landshut;DE221;    65,83;   71 863;   35 242;   36 621;   1 092;;;;;
09262;Kreisfreie Stadt;Passau;DE222;    69,56;   53 039;   25 936;   27 103;    762;;;;;
09263;Kreisfreie Stadt;Straubing;DE223;    67,59;   49 002;   24 793;   24 209;    725;;;;;
09271;Landkreis;Deggendorf;DE224;    861,17;   121 844;   61 102;   60 742;    141;;;;;
09272;Landkreis;Freyung-Grafenau;DE225;    983,85;   78 710;   39 097;   39 613;    80;;;;;
09273;Landkreis;Kelheim;DE226;   1 065,13;   126 037;   63 830;   62 207;    118;;;;;
09274;Landkreis;Landshut;DE227;   1 347,55;   162 170;   81 552;   80 618;    120;;;;;
09275;Landkreis;Passau;DE228;   1 530,10;   194 699;   96 600;   98 099;    127;;;;;
09276;Landkreis;Regen;DE229;    974,78;   77 267;   38 465;   38 802;    79;;;;;
09277;Landkreis;Rottal-Inn;DE22A;   1 281,20;   120 497;   60 008;   60 489;    94;;;;;
09278;Landkreis;Straubing-Bogen;DE22B;   1 201,62;   103 041;   51 616;   51 425;    86;;;;;
09279;Landkreis;Dingolfing-Landau;DE22C;    877,58;   101 035;   52 011;   49 024;    115;;;;;
093;Reg.-Bez. Oberpfalz;;;;;;;;;;;;
09361;Kreisfreie Stadt;Amberg;DE231;    50,14;   42 553;   20 890;   21 663;    849;;;;;
09362;Kreisfreie Stadt;Regensburg;DE232;    80,86;   151 389;   74 600;   76 789;   1 872;;;;;
09363;Kreisfreie Stadt;Weiden i.d.OPf.;DE233;    70,57;   42 444;   20 631;   21 813;    601;;;;;
09371;Landkreis;Amberg-Sulzbach;DE234;   1 255,85;   103 982;   51 958;   52 024;    83;;;;;
09372;Landkreis;Cham;DE235;   1 526,83;   128 534;   64 621;   63 913;    84;;;;;
09373;Landkreis;Neumarkt i.d.OPf.;DE236;   1 343,96;   138 693;   70 211;   68 482;    103;;;;;
09374;Landkreis;Neustadt a.d.Waldnaab;DE237;   1 425,81;   96 049;   47 956;   48 093;    67;;;;;
09375;Landkreis;Regensburg;DE238;   1 391,65;   196 213;   98 183;   98 030;    141;;;;;
09376;Landkreis;Schwandorf;DE239;   1 458,34;   149 312;   74 863;   74 449;    102;;;;;
09377;Landkreis;Tirschenreuth;DE23A;   1 084,25;   72 210;   35 893;   36 317;    67;;;;;
094;Reg.-Bez. Oberfranken;;;;;;;;;;;;
09461;Kreisfreie Stadt;Bamberg;DE241;    54,62;   77 150;   37 822;   39 328;   1 412;;;;;
09462;Kreisfreie Stadt;Bayreuth;DE242;    66,89;   72 940;   35 859;   37 081;   1 090;;;;;
09463;Kreisfreie Stadt;Coburg;DE243;    48,29;   41 064;   20 023;   21 041;    850;;;;;
09464;Kreisfreie Stadt;Hof;DE244;    58,02;   46 778;   23 093;   23 685;    806;;;;;
09471;Landkreis;Bamberg;DE245;   1 167,81;   147 777;   73 832;   73 945;    127;;;;;
09472;Landkreis;Bayreuth;DE246;   1 275,50;   103 215;   51 236;   51 979;    81;;;;;
09473;Landkreis;Coburg;DE247;    590,42;   84 468;   41 904;   42 564;    143;;;;;
09474;Landkreis;Forchheim;DE248;    642,83;   116 184;   57 708;   58 476;    181;;;;;
09475;Landkreis;Hof;DE249;    892,52;   92 191;   45 174;   47 017;    103;;;;;
09476;Landkreis;Kronach;DE24A;    651,49;   64 545;   32 034;   32 511;    99;;;;;
09477;Landkreis;Kulmbach;DE24B;    658,33;   71 518;   35 340;   36 178;    109;;;;;
09478;Landkreis;Lichtenfels;DE24C;    519,94;   67 379;   33 227;   34 152;    130;;;;;
09479;Landkreis;Wunsiedel i.Fichtelgebirge;DE24D;    606,37;   70 549;   34 367;   36 182;    116;;;;;
095;Reg.-Bez. Mittelfranken;;;;;;;;;;;;
09561;Kreisfreie Stadt;Ansbach;DE251;    99,91;   40 742;   19 754;   20 988;    408;;;;;
09562;Kreisfreie Stadt;Erlangen;DE252;    76,96;   115 928;   57 672;   58 256;   1 506;;;;;
09563;Kreisfreie Stadt;Fürth;DE253;    63,35;   132 036;   65 040;   66 996;   2 084;;;;;
09564;Kreisfreie Stadt;Nürnberg;DE254;    186,44;   529 508;   260 358;   269 150;   2 840;;;;;
09565;Kreisfreie Stadt;Schwabach;DE255;    40,80;   40 835;   19 932;   20 903;   1 001;;;;;
09571;Landkreis;Ansbach;DE256;   1 971,32;   187 633;   94 059;   93 574;    95;;;;;
09572;Landkreis;Erlangen-Höchstadt;DE257;    564,55;   138 325;   68 585;   69 740;    245;;;;;
09573;Landkreis;Fürth;DE258;    307,44;   117 719;   57 200;   60 519;    383;;;;;
09574;Landkreis;Nürnberger Land;DE259;    799,52;   168 813;   82 883;   85 930;    211;;;;;
09575;Landkreis;Neustadt a.d.Aisch-Bad Windsheim;DE25A;   1 267,45;   101 043;   50 635;   50 408;    80;;;;;
09576;Landkreis;Roth;DE25B;    895,16;   128 632;   63 826;   64 806;    144;;;;;
09577;Landkreis;Weißenburg-Gunzenhausen;DE25C;    970,78;   94 695;   47 198;   47 497;    98;;;;;
096;Reg.-Bez. Unterfranken;;;;;;;;;;;;
09661;Kreisfreie Stadt;Aschaffenburg;DE261;    62,45;   73 091;   35 768;   37 323;   1 170;;;;;
09662;Kreisfreie Stadt;Schweinfurt;DE262;    35,70;   54 481;   26 973;   27 508;   1 526;;;;;
09663;Kreisfreie Stadt;Würzburg;DE263;    87,60;   133 258;   63 762;   69 496;   1 521;;;;;
09671;Landkreis;Aschaffenburg;DE264;    698,90;   170 945;   84 642;   86 303;    245;;;;;
09672;Landkreis;Bad Kissingen;DE265;   1 136,90;   103 489;   50 913;   52 576;    91;;;;;
09673;Landkreis;Rhön-Grabfeld;DE266;   1 021,68;   79 375;   39 560;   39 815;    78;;;;;
09674;Landkreis;Haßberge;DE267;    956,19;   83 869;   42 107;   41 762;    88;;;;;
09675;Landkreis;Kitzingen;DE268;    684,14;   91 287;   45 737;   45 550;    133;;;;;
09676;Landkreis;Miltenberg;DE269;    715,58;   127 547;   63 368;   64 179;    178;;;;;
09677;Landkreis;Main-Spessart;DE26A;   1 321,20;   125 282;   62 434;   62 848;    95;;;;;
09678;Landkreis;Schweinfurt;DE26B;    841,39;   113 977;   57 097;   56 880;    135;;;;;
09679;Landkreis;Würzburg;DE26C;    968,35;   162 216;   80 236;   81 980;    168;;;;;
097;Reg.-Bez. Schwaben;;;;;;;;;;;;
09761;Kreisfreie Stadt;Augsburg;DE271;    146,85;   301 105;   148 796;   152 309;   2 050;;;;;
09762;Kreisfreie Stadt;Kaufbeuren;DE272;    40,02;   46 193;   22 810;   23 383;   1 154;;;;;
09763;Kreisfreie Stadt;Kempten (Allgäu);DE273;    63,28;   67 645;   33 233;   34 412;   1 069;;;;;
09764;Kreisfreie Stadt;Memmingen;DE274;    70,11;   44 192;   21 839;   22 353;    630;;;;;
09771;Landkreis;Aichach-Friedberg;DE275;    780,23;   136 803;   68 122;   68 681;    175;;;;;
09772;Landkreis;Augsburg;DE276;   1 070,74;   262 811;   130 475;   132 336;    245;;;;;
09773;Landkreis;Dillingen a.d.Donau;DE277;    792,23;   98 899;   49 565;   49 334;    125;;;;;
09774;Landkreis;Günzburg;DE278;    762,40;   129 846;   65 608;   64 238;    170;;;;;
09775;Landkreis;Neu-Ulm;DE279;    515,84;   183 595;   91 689;   91 906;    356;;;;;
09776;Landkreis;Lindau (Bodensee);DE27A;    323,39;   82 411;   40 476;   41 935;    255;;;;;
09777;Landkreis;Ostallgäu;DE27B;   1 394,44;   142 047;   70 631;   71 416;    102;;;;;
09778;Landkreis;Unterallgäu;DE27C;   1 229,57;   147 255;   74 424;   72 831;    120;;;;;
09779;Landkreis;Donau-Ries;DE27D;   1 274,57;   135 098;   68 441;   66 657;    106;;;;;
09780;Landkreis;Oberallgäu;DE27E;   1 527,97;   155 413;   76 381;   79 032;    102;;;;;
;;Insgesamt;;   70 541,76;  13 248 928;  6 570 778;  6 678 150;    188;;;;;
10;Saarland;;;;;;;;;;;;
10041;Regionalverband;Regionalverband Saarbrücken;DEC01;    410,95;   333 149;   164 280;   168 869;    811;;;;;
10042;Landkreis;Merzig-Wadern;DEC02;    557,11;   108 779;   54 137;   54 642;    195;;;;;
10043;Landkreis;Neunkirchen;DEC03;    249,80;   133 179;   65 653;   67 526;    533;;;;;
10044;Landkreis;Saarlouis;DEC04;    459,35;   205 129;   100 939;   104 190;    447;;;;;
10045;Landkreis;Saarpfalz-Kreis;DEC05;    418,28;   144 092;   70 319;   73 773;    344;;;;;
10046;Landkreis;St. Wendel;DEC06;    476,52;   87 813;   43 316;   44 497;    184;;;;;
;;Insgesamt;;   2 572,01;  1 012 141;   498 644;   513 497;    394;;;;;
11;Berlin;;;;;;;;;;;;
11000;Kreisfreie Stadt;Berlin, Stadt;DE300;    891,12;  3 685 265;  1 810 259;  1 875 006;   4 136;;;;;
12;Brandenburg;;;;;;;;;;;;
12051;Kreisfreie Stadt;Brandenburg an der Havel, Stadt;DE401;    229,73;   74 113;   36 154;   37 959;    323;;;;;
12052;Kreisfreie Stadt;Cottbus, Stadt;DE402;    165,61;   95 123;   46 134;   48 989;    574;;;;;
12053;Kreisfreie Stadt;Frankfurt (Oder), Stadt;DE403;    147,85;   57 107;   27 896;   29 211;    386;;;;;
12054;Kreisfreie Stadt;Potsdam, Stadt;DE404;    188,24;   184 754;   89 228;   95 526;    981;;;;;
12060;Landkreis;Barnim;DE405;   1 479,58;   194 169;   95 588;   98 581;    131;;;;;
12061;Landkreis;Dahme-Spreewald;DE406;   2 274,51;   178 793;   88 616;   90 177;    79;;;;;
12062;Landkreis;Elbe-Elster;DE407;   1 899,18;   97 967;   48 497;   49 470;    52;;;;;
12063;Landkreis;Havelland;DE408;   1 727,31;   170 834;   84 262;   86 572;    99;;;;;
12064;Landkreis;Märkisch-Oderland;DE409;   2 158,66;   197 817;   97 547;   100 270;    92;;;;;
12065;Landkreis;Oberhavel;DE40A;   1 808,26;   217 690;   107 199;   110 491;    120;;;;;
12066;Landkreis;Oberspreewald-Lausitz;DE40B;   1 223,48;   107 793;   52 714;   55 079;    88;;;;;
12067;Landkreis;Oder-Spree;DE40C;   2 256,76;   179 817;   88 616;   91 201;    80;;;;;
12068;Landkreis;Ostprignitz-Ruppin;DE40D;   2 526,39;   99 152;   49 049;   50 103;    39;;;;;
12069;Landkreis;Potsdam-Mittelmark;DE40E;   2 592,03;   221 268;   109 434;   111 834;    85;;;;;
12070;Landkreis;Prignitz;DE40F;   2 138,58;   75 595;   37 505;   38 090;    35;;;;;
12071;Landkreis;Spree-Neiße;DE40G;   1 657,00;   109 635;   53 733;   55 902;    66;;;;;
12072;Landkreis;Teltow-Fläming;DE40H;   2 104,20;   177 688;   88 811;   88 877;    84;;;;;
12073;Landkreis;Uckermark;DE40I;   3 077,02;   117 432;   57 795;   59 637;    38;;;;;
;;Insgesamt;;   29 654,39;  2 556 747;  1 258 778;  1 297 969;    86;;;;;
13;Mecklenburg-Vorpommern;;;;;;;;;;;;
13003;Kreisfreie Stadt;Rostock;DE803;    181,38;   205 307;   100 104;   105 203;   1 132;;;;;
13004;Kreisfreie Stadt;Schwerin;DE804;    130,52;   98 308;   47 222;   51 086;    753;;;;;
13071;Landkreis;Mecklenburgische Seenplatte;DE80J; 5 495,41;  246 318;  119 976;  126 342;   45;;;;;
13072;Landkreis;Landkreis Rostock;DE80K;   3 431,06;   218 721;   108 028;   110 693;    64;;;;;
13073;Landkreis;Vorpommern-Rügen;DE80L;   3 215,70;   215 203;   104 436;   110 767;    67;;;;;
13074;Landkreis;Nordwestmecklenburg;DE80M;   2 127,10;   156 692;   77 541;   79 151;    74;;;;;
13075;Landkreis;Vorpommern-Greifswald;DE80N;   3 946,18;   224 956;   109 449;   115 507;    57;;;;;
13076;Landkreis;Ludwigslust-Parchim;DE80O;   4 766,60;   208 092;   103 564;   104 528;    44;;;;;
;;Insgesamt;;   23 293,95;  1 573 597;   770 320;   803 277;    68;;;;;
14;Sachsen;;;;;;;;;;;;
145;früher: Direktionsbezirk Chemnitz;;;;;;;;;;;;
14511;Kreisfreie Stadt;Chemnitz, Stadt;DED41;    221,03;   245 618;   120 585;   125 033;   1 111;;;;;
14521;Landkreis;Erzgebirgskreis;DED42;   1 827,92;   318 394;   155 744;   162 650;    174;;;;;
14522;Landkreis;Mittelsachsen;DED43;   2 116,85;   296 431;   147 002;   149 429;    140;;;;;
14523;Landkreis;Vogtlandkreis;DED44;   1 412,39;   219 100;   106 988;   112 112;    155;;;;;
14524;Landkreis;Zwickau;DED45;    949,79;   306 793;   150 432;   156 361;    323;;;;;
146;früher: Direktionsbezirk Dresden;;;;;;;;;;;;
14612;Kreisfreie Stadt;Dresden, Stadt;DED21;    328,48;   564 904;   280 262;   284 642;   1 720;;;;;
14625;Landkreis;Bautzen;DED2C;   2 395,59;   292 608;   144 258;   148 350;    122;;;;;
14626;Landkreis;Görlitz;DED2D;   2 111,40;   243 958;   119 629;   124 329;    116;;;;;
14627;Landkreis;Meißen;DED2E;   1 454,58;   239 221;   117 433;   121 788;    164;;;;;
14628;Landkreis;Sächsische Schweiz-Osterzgebirge;DED2F;   1 654,25;   243 996;   120 379;   123 617;    147;;;;;
147;früher: Direktionsbezirk Leipzig;;;;;;;;;;;;
14713;Kreisfreie Stadt;Leipzig, Stadt;DED51;    297,80;   611 850;   301 582;   310 268;   2 055;;;;;
14729;Landkreis;Leipzig;DED52;   1 651,27;   260 127;   127 933;   132 194;    158;;;;;
14730;Landkreis;Nordsachsen;DED53;   2 028,54;   199 422;   98 780;   100 642;    98;;;;;
;;Insgesamt;;   18 449,89;  4 042 422;  1 991 007;  2 051 415;    219;;;;;
15;Sachsen-Anhalt;;;;;;;;;;;;
15001;Kreisfreie Stadt;Dessau-Roßlau, Stadt;DEE01;    245,78;   75 402;   36 058;   39 344;    307;;;;;
15002;Kreisfreie Stadt;Halle (Saale), Stadt;DEE02;    135,56;   226 767;   109 591;   117 176;   1 673;;;;;
15003;Kreisfreie Stadt;Magdeburg, Landeshauptstadt;DEE03;    201,68;   244 329;   121 201;   123 128;   1 211;;;;;
15081;Landkreis;Altmarkkreis Salzwedel;DEE04;   2 304,44;   79 980;   39 712;   40 268;    35;;;;;
15082;Landkreis;Anhalt-Bitterfeld;DEE05;   1 461,45;   153 035;   74 985;   78 050;    105;;;;;
15083;Landkreis;Börde;DEE07;   2 376,86;   167 924;   83 570;   84 354;    71;;;;;
15084;Landkreis;Burgenlandkreis;DEE08;   1 419,92;   173 684;   85 097;   88 587;    122;;;;;
15085;Landkreis;Harz;DEE09;   2 110,40;   205 484;   100 159;   105 325;    97;;;;;
15086;Landkreis;Jerichower Land;DEE06;   1 589,38;   88 509;   43 807;   44 702;    56;;;;;
15087;Landkreis;Mansfeld-Südharz;DEE0A;   1 456,33;   129 029;   63 662;   65 367;    89;;;;;
15088;Landkreis;Saalekreis;DEE0B;   1 440,45;   182 451;   90 248;   92 203;    127;;;;;
15089;Landkreis;Salzlandkreis;DEE0C;   1 433,60;   180 771;   88 293;   92 478;    126;;;;;
15090;Landkreis;Stendal;DEE0D;   2 436,21;   106 538;   52 432;   54 106;    44;;;;;
15091;Landkreis;Wittenberg;DEE0E;   1 942,78;   121 694;   59 839;   61 855;    63;;;;;
;;Insgesamt;;   20 554,84;  2 135 597;  1 048 654;  1 086 943;    104;;;;;
16;Thüringen;;;;;;;;;;;;
16051;Kreisfreie Stadt;Erfurt, Stadt;DEG01;    269,91;   218 793;   106 836;   111 957;    811;;;;;
16052;Kreisfreie Stadt;Gera, Stadt;DEG02;    152,18;   95 608;   46 893;   48 715;    628;;;;;
16053;Kreisfreie Stadt;Jena, Stadt;DEG03;    114,77;   109 725;   53 798;   55 927;    956;;;;;
16054;Kreisfreie Stadt;Suhl, Stadt;DEG0S;    141,62;   34 685;   16 861;   17 824;    245;;;;;
16055;Kreisfreie Stadt;Weimar, Stadt;DEG05;    84,47;   65 954;   31 575;   34 379;    781;;;;;
16061;Landkreis;Eichsfeld;DEG06;   1 002,32;   103 694;   51 953;   51 741;    103;;;;;
16062;Landkreis;Nordhausen;DEG07;    713,91;   80 762;   39 852;   40 910;    113;;;;;
16063;Landkreis;Wartburgkreis;DEG0R;   1 367,16;   154 957;   76 953;   78 004;    113;;;;;
16064;Landkreis;Unstrut-Hainich-Kreis;DEG09;    924,41;   94 613;   46 928;   47 685;    102;;;;;
16065;Landkreis;Kyffhäuserkreis;DEG0A;   1 037,90;   71 738;   35 661;   36 077;    69;;;;;
16066;Landkreis;Schmalkalden-Meiningen;DEG0Q;   1 251,21;   120 214;   59 962;   60 252;    96;;;;;
16067;Landkreis;Gotha;DEG0C;    936,08;   135 838;   67 285;   68 553;    145;;;;;
16068;Landkreis;Sömmerda;DEG0D;    806,88;   67 693;   33 786;   33 907;    84;;;;;
16069;Landkreis;Hildburghausen;DEG0E;    938,42;   59 987;   30 060;   29 927;    64;;;;;
16070;Landkreis;Ilm-Kreis;DEG0T;    805,11;   106 657;   53 859;   52 798;    132;;;;;
16071;Landkreis;Weimarer Land;DEG0G;    804,48;   82 392;   40 797;   41 595;    102;;;;;
16072;Landkreis;Sonneberg;DEG0V;    460,85;   54 964;   27 106;   27 858;    119;;;;;
16073;Landkreis;Saalfeld-Rudolstadt;DEG0U;   1 008,78;   100 105;   49 203;   50 902;    99;;;;;
16074;Landkreis;Saale-Holzland-Kreis;DEG0J;    815,24;   83 342;   41 343;   41 999;    102;;;;;
16075;Landkreis;Saale-Orla-Kreis;DEG0K;   1 151,31;   77 341;   38 370;   38 971;    67;;;;;
16076;Landkreis;Greiz;DEG0L;    845,97;   93 707;   46 321;   47 386;    111;;;;;
16077;Landkreis;Altenburger Land;DEG0M;    569,42;   87 508;   42 448;   45 060;    154;;;;;
;;Insgesamt;;   16 202,40;  2 100 277;  1 037 850;  1 062 427;    130;;;;;
;Deutschland;Insgesamt;;   357 677,26;  83 577 140;  41 241 701;  42 335 439;    234;;;;;
;;;;;;;;;;;;;
Quelle: Gemeindeverzeichnis-Informationssystem GV-ISys;;;;;;;;;;;;;
;;;;;;;;;;;;;
"1) Abweichungen bei den Flächenangaben sind durch Runden der Zahlen möglich.Aufgrund fachlicher und methodischer Umstellungen in der Vermessungsverwaltung auf das ""Amtliche Liegenschaftskataster-Informationssystem"" (ALKIS®)ist der Vergleich der Flächendaten ab 2014 mit den Flächendaten vorangegangener Jahre nur eingeschränkt möglich. ";;;;;;;;;;;;;
2) Da die Bevölkerung ab Berichtsjahr 2024 auf der Grundlage des Zensus 2022 basiert, ist die Bevölkerung nur bedingt mit den Vorjahreswerten vergleichbar.  Erläuterungen dazu finden Sie unter www.destatis.de beim Bevölkerungsstand.;;;;;;;;;;;;;
;;;;;;;;;;;;;
© Daten (im Auftrag der Herausgebergemeinschaft Statistische Ämter des Bundes und der Länder);;;;;;;;;;;;;
     Statistisches Bundesamt (Destatis), 2025;;;;;;;;;;;;;
     Vervielfältigung und Verbreitung, auch auszugsweise, mit Quellenangabe gestattet.;;;;;;;;;;;;;
;;;;;;;;;;;;;
;;;;;;;;;;;;;
;;;;;;;;;;;;;
;;;;;;;;;;;;;
;;;;;;;;;;;;;
;;;;;;;;;;;;;
;;;;;;;;;;;;;
;;;;;;;;;;;;;
;;;;;;;;;;;;;
;;;;;;;;;;;;;
;;;;;;;;;;;;;
;;;;;;;;;;;;;
;;;;;;;;;;;;;
;;;;;;;;;;;;;
;;;;;;;;;;;;;
;;;;;;;;;;;;;
;;;;;;;;;;;;;
;;;;;;;;;;;;;
;;;;;;;;;;;;;
;;;;;;;;;;;;;
;;;;;;;;;;;;;
;;;;;;;;;;;;;
;;;;;;;;;;;;;
;;;;;;;;;;;;;
;;;;;;;;;;;;;
;;;;;;;;;;;;;
;;;;;;;;;;;;;
;;;;;;;;;;;;;
;;;;;;;;;;;;;
;;;;;;;;;;;;;
;;;;;;;;;;;;;
;;;;;;;;;;;;;
;;;;;;;;;;;;;
;;;;;;;;;;;;;
;;;;;;;;;;;;;
;;;;;;;;;;;;;
;;;;;;;;;;;;;
;;;;;;;;;;;;;
;;;;;;;;;;;;;
;;;;;;;;;;;;;
;;;;;;;;;;;;;
;;;;;;;;;;;;;
;;;;;;;;;;;;;
;;;;;;;;;;;;;
;;;;;;;;;;;;;
;;;;;;;;;;;;;
;;;;;;;;;;;;;
;;;;;;;;;;;;;
;;;;;;;;;;;;;
;;;;;;;;;;;;;
;;;;;;;;;;;;;
;;;;;;;;;;;;;
;;;;;;;;;;;;;
;;;;;;;;;;;;;
;;;;;;;;;;;;;
;;;;;;;;;;;;;
;;;;;;;;;;;;;
;;;;;;;;;;;;;
;;;;;;;;;;;;;
;;;;;;;;;;;;;
;;;;;;;;;;;;;
;;;;;;;;;;;;;
;;;;;;;;;;;;;
;;;;;;;;;;;;;
;;;;;;;;;;;;;
;;;;;;;;;;;;;
;;;;;;;;;;;;;
;;;;;;;;;;;;;
;;;;;;;;;;;;;
;;;;;;;;;;;;;
;;;;;;;;;;;;;
;;;;;;;;;;;;;
;;;;;;;;;;;;;
;;;;;;;;;;;;;
;;;;;;;;;;;;;
;;;;;;;;;;;;;
;;;;;;;;;;;;;
;;;;;;;;;;;;;
;;;;;;;;;;;;;
;;;;;;;;;;;;;
;;;;;;;;;;;;;
;;;;;;;;;;;;;
;;;;;;;;;;;;;
;;;;;;;;;;;;;
;;;;;;;;;;;;;
;;;;;;;;;;;;;
;;;;;;;;;;;;;
;;;;;;;;;;;;;
;;;;;;;;;;;;;
;;;;;;;;;;;;;
;;;;;;;;;;;;;
;;;;;;;;;;;;;
;;;;;;;;;;;;;
;;;;;;;;;;;;;
;;;;;;;;;;;;;
;;;;;;;;;;;;;
;;;;;;;;;;;;;
;;;;;;;;;;;;;
;;;;;;;;;;;;;
;;;;;;;;;;;;;
;;;;;;;;;;;;;
;;;;;;;;;;;;;
;;;;;;;;;;;;;
;;;;;;;;;;;;;
;;;;;;;;;;;;;
;;;;;;;;;;;;;
;;;;;;;;;;;;;
;;;;;;;;;;;;;
;;;;;;;;;;;;;
;;;;;;;;;;;;;
;;;;;;;;;;;;;
;;;;;;;;;;;;;
;;;;;;;;;;;;;
;;;;;;;;;;;;;
;;;;;;;;;;;;;
;;;;;;;;;;;;;
;;;;;;;;;;;;;
;;;;;;;;;;;;;
;;;;;;;;;;;;;
;;;;;;;;;;;;;
;;;;;;;;;;;;;
;;;;;;;;;;;;;
;;;;;;;;;;;;;
;;;;;;;;;;;;;
;;;;;;;;;;;;;
;;;;;;;;;;;;;
;;;;;;;;;;;;;
;;;;;;;;;;;;;
;;;;;;;;;;;;;
;;;;;;;;;;;;;
;;;;;;;;;;;;;
;;;;;;;;;;;;;
;;;;;;;;;;;;;
;;;;;;;;;;;;;
;;;;;;;;;;;;;
;;;;;;;;;;;;;
;;;;;;;;;;;;;
;;;;;;;;;;;;;
;;;;;;;;;;;;;
;;;;;;;;;;;;;
;;;;;;;;;;;;;
;;;;;;;;;;;;;
;;;;;;;;;;;;;
;;;;;;;;;;;;;
;;;;;;;;;;;;;
;;;;;;;;;;;;;
;;;;;;;;;;;;;
;;;;;;;;;;;;;
;;;;;;;;;;;;;
;;;;;;;;;;;;;
;;;;;;;;;;;;;
;;;;;;;;;;;;;
;;;;;;;;;;;;;
;;;;;;;;;;;;;
;;;;;;;;;;;;;
;;;;;;;;;;;;;
;;;;;;;;;;;;;
;;;;;;;;;;;;;
;;;;;;;;;;;;;
;;;;;;;;;;;;;
;;;;;;;;;;;;;
;;;;;;;;;;;;;
;;;;;;;;;;;;;
;;;;;;;;;;;;;
;;;;;;;;;;;;;
